{
    "hol2_hand_pos": [
        -4.0,
        -4.400000095367432,
        1.7000000476837158
    ],
    "hol2_hand_rot": [
        -25.0,
        157.5,
        128.0
    ],
    "hol2_item_pos_CannonWorm": [
        2.700000047683716,
        4.0,
        -24.700000762939453
    ],
    "hol2_item_pos_FlintTurtle": [
        -10.0,
        -3.299999952316284,
        -4.400000095367432
    ],
    "hol2_item_pos_Hammerbird": [
        -10.5,
        -5.199999809265137,
        11.199999809265137
    ],
    "hol2_item_pos_Lugblob": [
        -8.5,
        -22.700000762939453,
        -15.100000381469727
    ],
    "hol2_item_rot_CannonWorm": [
        64.5,
        180.0,
        -64.0
    ],
    "hol2_item_rot_FlintTurtle": [
        -164.0,
        -7.0,
        0.0
    ],
    "hol2_item_rot_Hammerbird": [
        180.0,
        79.5,
        2.5
    ],
    "hol2_item_rot_Lugblob": [
        159.5,
        -48.0,
        -70.5
    ],
    "hol2_jan_hand_pos": [
        15.100000381469727,
        -1.0,
        -0.6000000238418579
    ],
    "hol2_jan_hand_rot": [
        -1.5,
        -7.0,
        26.0
    ],
    "hol2_melee_pos": [
        0.30000001192092896,
        -2.9000000953674316,
        5.900000095367432
    ],
    "hol2_melee_rot": [
        9.0,
        -91.0,
        0.0
    ],
    "hol2_pos_Bowie": [
        -14.100000381469727,
        -0.4000000059604645,
        4.400000095367432
    ],
    "hol2_pos_Creature": [
        -0.800000011920929,
        2.9000000953674316,
        0.10000000149011612
    ],
    "hol2_pos_Gale": [
        0.0,
        0.0,
        0.0
    ],
    "hol2_pos_Gus": [
        -5.199999809265137,
        -1.5,
        0.800000011920929
    ],
    "hol2_pos_Jan": [
        -50.0,
        27.700000762939453,
        26.799999237060547
    ],
    "hol2_pos_PrisonGun": [
        0.5,
        0.0,
        0.0
    ],
    "hol2_pos_Sheath": [
        -6.099999904632568,
        -0.10000000149011612,
        0.699999988079071
    ],
    "hol2_pos_Stooges": [
        0.0,
        0.0,
        0.0
    ],
    "hol2_pos_Sweezy": [
        -9.0,
        0.20000000298023224,
        -1.2000000476837158
    ],
    "hol2_pos_Travis": [
        -12.199999809265137,
        -0.6000000238418579,
        -0.8999999761581421
    ],
    "hol2_prisongun_hand_pos": [
        12.100000381469727,
        1.5,
        -2.5
    ],
    "hol2_prisongun_hand_rot": [
        0.0,
        0.0,
        0.0
    ],
    "hol2_rot_Bowie": [
        -11.0,
        143.0,
        159.0
    ],
    "hol2_rot_Creature": [
        -164.5,
        -9.5,
        2.5
    ],
    "hol2_rot_Gale": [
        0.0,
        0.0,
        0.0
    ],
    "hol2_rot_Gus": [
        15.5,
        158.0,
        180.0
    ],
    "hol2_rot_Jan": [
        0.0,
        0.0,
        0.0
    ],
    "hol2_rot_PrisonGun": [
        0.0,
        0.0,
        0.0
    ],
    "hol2_rot_Sheath": [
        -165.5,
        -9.0,
        -12.5
    ],
    "hol2_rot_Stooges": [
        0.0,
        0.0,
        0.0
    ],
    "hol2_rot_Sweezy": [
        -165.0,
        -3.5,
        -4.5
    ],
    "hol2_rot_Travis": [
        -169.0,
        -16.0,
        -9.0
    ]
}